{
  "name": "1. Search Leads And Save",
  "nodes": [
    {
      "parameters": {
        "operation": "google_maps",
        "q": "={{ $json.name }}",
        "additionalFields": {},
        "requestOptions": {}
      },
      "type": "n8n-nodes-serpapi.serpApi",
      "typeVersion": 1,
      "position": [
        928,
        0
      ],
      "id": "xxx",
      "name": "Google_maps search",
      "credentials": {
        "serpApi": {
          "id": "xxx",
          "name": "SerpApi account"
        }
      }
    },
    {
      "parameters": {
        "httpMethod": "POST",
        "path": "scrap",
        "options": {}
      },
      "type": "n8n-nodes-base.webhook",
      "typeVersion": 2.1,
      "position": [
        480,
        0
      ],
      "id": "XXXX",
      "name": "Webhook",
      "webhookId": "XX"
    },
    {
      "parameters": {
        "mode": "runOnceForEachItem",
        "jsCode": "const jsonString = $json.body;\nconst parsed = JSON.parse(jsonString);\nreturn parsed; \n"
      },
      "type": "n8n-nodes-base.code",
      "typeVersion": 2,
      "position": [
        704,
        0
      ],
      "id": "54965eb0-3ea6-45f2-b0b9-457eed224f80",
      "name": "Code in JavaScript"
    },
    {
      "parameters": {
        "jsCode": "return items[0].json.local_results.map(result => ({\n\tjson: {\n\t\tname: result.title,\n\t\taddress: result.address,\n\t\twebsite: result.website || '',\n\t\tphone: result.phone || ''\n\t}\n}));\n\n\n\n\n\n\n"
      },
      "type": "n8n-nodes-base.code",
      "typeVersion": 2,
      "position": [
        1152,
        0
      ],
      "id": "XXX",
      "name": "Code in JavaScript1"
    },
    {
      "parameters": {
        "tableId": "companies",
        "fieldsUi": {
          "fieldValues": [
            {
              "fieldId": "category_id",
              "fieldValue": "={{ $('Code in JavaScript').item.json.category_id }}"
            },
            {
              "fieldId": "name",
              "fieldValue": "={{ $json.name }}"
            },
            {
              "fieldId": "address",
              "fieldValue": "={{ $json.address }}"
            },
            {
              "fieldId": "phone",
              "fieldValue": "={{ $json.phone }}"
            },
            {
              "fieldId": "website",
              "fieldValue": "={{ $json.website }}"
            }
          ]
        }
      },
      "type": "n8n-nodes-base.supabase",
      "typeVersion": 1,
      "position": [
        1360,
        0
      ],
      "id": "xxx",
      "name": "Create a row",
      "credentials": {
        "supabaseApi": {
          "id": "xxx",
          "name": "Supabase account"
        }
      }
    }
  ],
  "pinData": {},
  "connections": {
    "Google_maps search": {
      "main": [
        [
          {
            "node": "Code in JavaScript1",
            "type": "main",
            "index": 0
          }
        ]
      ]
    },
    "Webhook": {
      "main": [
        [
          {
            "node": "Code in JavaScript",
            "type": "main",
            "index": 0
          }
        ]
      ]
    },
    "Code in JavaScript": {
      "main": [
        [
          {
            "node": "Google_maps search",
            "type": "main",
            "index": 0
          }
        ]
      ]
    },
    "Code in JavaScript1": {
      "main": [
        [
          {
            "node": "Create a row",
            "type": "main",
            "index": 0
          }
        ]
      ]
    }
  },
  "active": false,
  "settings": {
    "executionOrder": "v1"
  },
  "versionId": "xxx",
  "meta": {
    "templateCredsSetupCompleted": true,
    "instanceId": "xxx"
  },
  "id": "xxx",
  "tags": []
}