{
  "name": "1. Search Leads And Save",
  "nodes": [
    {
      "parameters": {
        "operation": "google_maps",
        "q": "={{ $json.name }}",
        "additionalFields": {},
        "requestOptions": {}
      },
      "type": "n8n-nodes-serpapi.serpApi",
      "typeVersion": 1,
      "position": [
        928,
        0
      ],
      "id": "ca554456-0001-4a3c-9e04-3e422af7f35a",
      "name": "Google_maps search",
      "credentials": {
        "serpApi": {
          "id": "7KoHssdnFhjMTti6",
          "name": "SerpApi account"
        }
      }
    },
    {
      "parameters": {
        "httpMethod": "POST",
        "path": "scrap",
        "options": {}
      },
      "type": "n8n-nodes-base.webhook",
      "typeVersion": 2.1,
      "position": [
        480,
        0
      ],
      "id": "e2d33e04-fe02-43d0-91b6-6588b8756318",
      "name": "Webhook",
      "webhookId": "2efae388-3739-422e-ade1-9cd558704405"
    },
    {
      "parameters": {
        "mode": "runOnceForEachItem",
        "jsCode": "const jsonString = $json.body;\nconst parsed = JSON.parse(jsonString);\nreturn parsed; \n"
      },
      "type": "n8n-nodes-base.code",
      "typeVersion": 2,
      "position": [
        704,
        0
      ],
      "id": "54965eb0-3ea6-45f2-b0b9-457eed224f80",
      "name": "Code in JavaScript"
    },
    {
      "parameters": {
        "jsCode": "return items[0].json.local_results.map(result => ({\n\tjson: {\n\t\tname: result.title,\n\t\taddress: result.address,\n\t\twebsite: result.website || '',\n\t\tphone: result.phone || ''\n\t}\n}));\n\n\n\n\n\n\n"
      },
      "type": "n8n-nodes-base.code",
      "typeVersion": 2,
      "position": [
        1152,
        0
      ],
      "id": "3eb8f13c-4f8e-45d4-b7ac-1810cb7bd033",
      "name": "Code in JavaScript1"
    },
    {
      "parameters": {
        "tableId": "companies",
        "fieldsUi": {
          "fieldValues": [
            {
              "fieldId": "category_id",
              "fieldValue": "={{ $('Code in JavaScript').item.json.category_id }}"
            },
            {
              "fieldId": "name",
              "fieldValue": "={{ $json.name }}"
            },
            {
              "fieldId": "address",
              "fieldValue": "={{ $json.address }}"
            },
            {
              "fieldId": "phone",
              "fieldValue": "={{ $json.phone }}"
            },
            {
              "fieldId": "website",
              "fieldValue": "={{ $json.website }}"
            }
          ]
        }
      },
      "type": "n8n-nodes-base.supabase",
      "typeVersion": 1,
      "position": [
        1360,
        0
      ],
      "id": "f60af5a3-c968-4e70-adee-f5ead9f74bfd",
      "name": "Create a row",
      "credentials": {
        "supabaseApi": {
          "id": "adNdpajEcG1vwAgi",
          "name": "Supabase account"
        }
      }
    }
  ],
  "pinData": {},
  "connections": {
    "Google_maps search": {
      "main": [
        [
          {
            "node": "Code in JavaScript1",
            "type": "main",
            "index": 0
          }
        ]
      ]
    },
    "Webhook": {
      "main": [
        [
          {
            "node": "Code in JavaScript",
            "type": "main",
            "index": 0
          }
        ]
      ]
    },
    "Code in JavaScript": {
      "main": [
        [
          {
            "node": "Google_maps search",
            "type": "main",
            "index": 0
          }
        ]
      ]
    },
    "Code in JavaScript1": {
      "main": [
        [
          {
            "node": "Create a row",
            "type": "main",
            "index": 0
          }
        ]
      ]
    }
  },
  "active": false,
  "settings": {
    "executionOrder": "v1"
  },
  "versionId": "51228ee8-db74-436b-ad52-cbf3fd660f28",
  "meta": {
    "templateCredsSetupCompleted": true,
    "instanceId": "661c9841a408a53aab81b5d5a07496786458827f1dba5164809fefd66d718a58"
  },
  "id": "Ygo25UaFy0FbIgwo",
  "tags": []
}