{
  "name": "2. Add Email to Leads",
  "nodes": [
    {
      "parameters": {
        "rule": {
          "interval": [
            {}
          ]
        }
      },
      "type": "n8n-nodes-base.scheduleTrigger",
      "typeVersion": 1.3,
      "position": [
        528,
        0
      ],
      "id": "3b78c948-0531-4822-9bfe-ba9a0d5a3208",
      "name": "Schedule Trigger"
    },
    {
      "parameters": {
        "operation": "getAll",
        "tableId": "companies",
        "matchType": "allFilters",
        "filters": {
          "conditions": [
            {
              "keyName": "website",
              "condition": "neq",
              "keyValue": "\"\""
            },
            {
              "keyName": "email",
              "condition": "is",
              "keyValue": "null"
            }
          ]
        }
      },
      "type": "n8n-nodes-base.supabase",
      "typeVersion": 1,
      "position": [
        736,
        0
      ],
      "id": "a51e58ef-2f14-4aa0-aeb7-251641c88f4f",
      "name": "Get many rows",
      "credentials": {
        "supabaseApi": {
          "id": "adNdpajEcG1vwAgi",
          "name": "Supabase account"
        }
      }
    },
    {
      "parameters": {
        "method": "POST",
        "url": "https://aipro.qualitycrux.com/process.php",
        "sendBody": true,
        "contentType": "multipart-form-data",
        "bodyParameters": {
          "parameters": [
            {
              "name": "websites",
              "value": "={{ $json.website }}"
            }
          ]
        },
        "options": {
          "response": {
            "response": {}
          }
        }
      },
      "type": "n8n-nodes-base.httpRequest",
      "typeVersion": 4.3,
      "position": [
        944,
        0
      ],
      "id": "4d425791-5417-4334-8aa5-9c7f1aa57513",
      "name": "HTTP Request"
    },
    {
      "parameters": {
        "conditions": {
          "options": {
            "caseSensitive": true,
            "leftValue": "",
            "typeValidation": "strict",
            "version": 3
          },
          "conditions": [
            {
              "id": "e4dfc5d7-60dd-4bb9-96a3-46a70e007df8",
              "leftValue": "={{ $json.data }}",
              "rightValue": "",
              "operator": {
                "type": "string",
                "operation": "exists",
                "singleValue": true
              }
            },
            {
              "id": "3ecd59e0-1064-4562-a37c-a6d684b5c51b",
              "leftValue": "={{ $json.data }}",
              "rightValue": "Array",
              "operator": {
                "type": "string",
                "operation": "notEquals"
              }
            }
          ],
          "combinator": "and"
        },
        "options": {
          "ignoreCase": false
        }
      },
      "type": "n8n-nodes-base.filter",
      "typeVersion": 2.3,
      "position": [
        1152,
        0
      ],
      "id": "06577c1e-4bfc-476a-9054-c5f9ad637da4",
      "name": "Filter"
    },
    {
      "parameters": {
        "operation": "update",
        "tableId": "companies",
        "filters": {
          "conditions": [
            {
              "keyName": "id",
              "condition": "eq",
              "keyValue": "={{ $('Get many rows').item.json.id }}"
            }
          ]
        },
        "fieldsUi": {
          "fieldValues": [
            {
              "fieldId": "email",
              "fieldValue": "={{ $json.data }}"
            }
          ]
        }
      },
      "type": "n8n-nodes-base.supabase",
      "typeVersion": 1,
      "position": [
        1360,
        0
      ],
      "id": "0aabc0f9-c26d-461a-880c-440932b622b1",
      "name": "Update a row",
      "credentials": {
        "supabaseApi": {
          "id": "adNdpajEcG1vwAgi",
          "name": "Supabase account"
        }
      }
    }
  ],
  "pinData": {},
  "connections": {
    "Schedule Trigger": {
      "main": [
        [
          {
            "node": "Get many rows",
            "type": "main",
            "index": 0
          }
        ]
      ]
    },
    "Get many rows": {
      "main": [
        [
          {
            "node": "HTTP Request",
            "type": "main",
            "index": 0
          }
        ]
      ]
    },
    "HTTP Request": {
      "main": [
        [
          {
            "node": "Filter",
            "type": "main",
            "index": 0
          }
        ]
      ]
    },
    "Filter": {
      "main": [
        [
          {
            "node": "Update a row",
            "type": "main",
            "index": 0
          }
        ]
      ]
    }
  },
  "active": false,
  "settings": {
    "executionOrder": "v1"
  },
  "versionId": "58ac6a34-3b30-4172-80e0-68366bcbc7a1",
  "meta": {
    "templateCredsSetupCompleted": true,
    "instanceId": "661c9841a408a53aab81b5d5a07496786458827f1dba5164809fefd66d718a58"
  },
  "id": "bExIQKzujYHiTbjg",
  "tags": []
}